"252971106",
"253701101",
"253371115",
"254291102",
"254071106",
"254072106",
"254072108",
"252772109",
"252931104",
"253701108",
"253701110",
"252931102",
"253481103",
"258101101",
"253372108",
"253391101",
"253411102",
"253911104",
"254071111",
"253701102",
"253911105",
"253911103",
"253191102",
"254071105",
"253801101",
"253701105",
"255441101",
"258131101",
"252771105",
"253911107",
"252821101",
"253422101",
"253701111",
"253701103",
"253801102",
"254291104",
"253191101",
"252971105",
"252771101",
"252971101",
"254071108",
"254072107",
"258181101",
"253372107",
"253481101",
"253801103",
"254511101",
"253371107",
"253911106",
"254291103",
"253191104",
"252971103",
"252971102",
"254072109",
"254071110",
"252931103",
"253701112",
"253372106",
"253911102",
"254072111",
"252771104",
"255262104",
"255421101",
"253422102",
"253701106",
"253481102",
"254072110",
"252772108"